employee_id,first_name,last_name,email,phone_number,address,date_of_birth,ssn,job_title,hire_date,salary,password
4925,Carol,Sanders,ashley23@example.org,001-254-203-7858x998,"923 Jeremiah Corner Apt. 955, Lake Tannerberg, MO 72428",1995-09-11,241-30-4717,Software Engineer,2020-08-28,66870.32,Ke46oGSJ
86966,Steven,Scott,pearsonnicholas@example.org,001-380-495-2023x698,"199 Brandon Fields Suite 202, Dorseymouth, MO 14241",1986-02-07,677-97-3128,Software Engineer,2024-06-27,116160.55,uS1hz4Xq
58848,Todd,Horton,amanda23@example.net,+1-619-730-0809x7335,"7673 Michelle Isle Apt. 492, North Cheryl, DE 78567",1991-01-06,370-11-0956,Software Engineer,2021-04-03,117754.39,ZtyCijLb
31569,Jeffrey,Peters,robinsonbrian@example.com,559-460-2905,"97854 Samantha Crest Suite 285, East Daniel, FL 26428",1997-06-19,002-61-9157,Data Analyst,2020-04-24,69637.64,j13XqFLX
26069,Brandy,Moore,justin14@example.net,(890)986-7994,"305 Williams Crest, Cruzborough, MO 36790",1964-08-02,253-94-9628,HR Specialist,2023-07-26,60934.93,QbbPKivc
10504,Scott,Taylor,bdiaz@example.com,(654)435-0710x24377,"5213 Olsen Throughway, North Chrischester, PR 59074",1979-07-27,041-61-2535,Software Engineer,2021-05-02,110953.33,a8VcFqrs
45976,Martin,Johnson,ytucker@example.com,8619408856,"711 Thomas Cove, Stacyside, OK 28326",1985-07-07,553-97-0474,Product Manager,2021-04-18,51417.34,YzaLXrIX
36425,James,Gordon,juanvargas@example.org,(934)747-6155,"6128 Thompson Drive, Bennettland, MA 47867",2000-02-25,613-52-9229,Data Analyst,2021-03-23,113047.55,WOAbtMdM
36284,Joseph,Matthews,johnsonjo@example.org,597-236-1606x63812,"3135 Heidi Ville Suite 220, North Michaeltown, AZ 96468",1996-07-30,501-52-8197,HR Specialist,2020-07-07,76036.2,nLUY4OGe
45582,Johnny,Gray,laura78@example.net,001-271-425-5073x652,"58598 John Walk, New Monicastad, AZ 49723",1984-09-15,773-53-6107,Product Manager,2020-07-26,89795.79,STDeHHl6
63933,Jeanette,Weaver,ameyer@example.org,+1-860-286-1500x028,"583 Brown Divide Suite 335, North Cherylbury, IN 58002",1970-03-30,067-19-2709,Sales Manager,2020-06-07,98515.7,reMFR8ti
86977,Michael,Riley,robertgoodwin@example.com,001-971-535-9565,"1333 Joseph Junction Suite 321, New Robert, MO 82835",1979-04-22,003-50-1849,HR Specialist,2024-05-07,114188.96,6ayFgogs
15340,Andrew,Baker,washingtongerald@example.net,606-570-4597,"68914 Palmer Points, Chadport, KY 57821",1967-04-02,396-98-6833,Product Manager,2024-10-12,60117.6,nubXwqYk
4129,Patricia,Bryant,nherring@example.org,657.301.1442,"3148 Hamilton Pines, Simsside, MO 52072",1994-05-10,660-23-3554,Product Manager,2020-01-28,95581.81,tLKvMRrj
46655,Carrie,Best,ntorres@example.net,+1-213-998-5816x398,"8490 Bruce Turnpike, Lake Charles, NJ 92578",1986-12-10,551-31-6545,Sales Manager,2020-09-08,105246.29,uGPxsR51
61554,Randy,Patrick,debramanning@example.com,248-250-2435x737,"91425 Christopher Ferry, Ashleyfurt, WY 70395",1989-09-20,835-26-0412,Product Manager,2021-10-03,75526.11,qq964zy2
39142,Laura,Ferguson,whowell@example.net,001-220-373-1855x830,"6547 Jay Throughway, South Nicholas, CO 38395",1991-04-30,560-05-9843,HR Specialist,2022-05-29,113607.05,mZssPC2e
73899,Robert,Anderson,jotaylor@example.org,292.996.6973x214,"23480 Barnes Rest Suite 686, North Ashley, VI 26158",1980-06-20,007-08-6238,Product Manager,2021-02-01,76729.08,bd8B4GeC
18384,Phillip,Moyer,thomas91@example.org,460-572-8993x11261,"52219 Susan Mill, South Lorraine, OR 21122",1997-11-30,827-04-0537,Product Manager,2024-11-24,102655.89,t5brFJvx
16616,Heather,Miller,edwardbennett@example.org,(713)354-5624x9309,"Unit 1928 Box 4293, DPO AE 52777",1989-06-24,537-53-2931,Data Analyst,2022-08-14,48788.34,z1bMKpV9
42909,Michael,Wilson,rfigueroa@example.org,+1-203-516-9930x42043,"9872 Donald Mews Apt. 575, Donaldfurt, TN 57992",1969-12-13,337-18-7053,Sales Manager,2024-10-11,82165.15,JsEzxwQT
43516,Judith,Cantrell,floresbrian@example.com,+1-641-350-4791,"32474 Brown Spur Apt. 116, Annaview, ME 49372",1972-07-12,881-99-1713,HR Specialist,2021-03-27,51289.85,5wQKL446
74267,Brandon,Roberts,laurarobinson@example.net,(333)572-0412,"USNS Parsons, FPO AP 53550",1974-11-13,446-41-8523,HR Specialist,2021-04-04,106178.92,eURNvLpY
19378,Wanda,Harris,fowlerchelsea@example.net,+1-879-730-4745x041,"Unit 3704 Box 4485, DPO AA 90142",1998-01-14,084-04-7221,Product Manager,2020-01-13,88587.57,GVbZXkMO
29408,Suzanne,Hill,christopher99@example.com,001-467-577-2971,"5598 Evan Ville Suite 094, Samuelville, PA 15268",1980-10-08,683-20-3339,Software Engineer,2021-02-14,58832.88,5hxG9Sy6
27566,Austin,Simpson,llewis@example.net,964-822-7278x6881,"0351 Cortez Turnpike, Sheilabury, MS 67098",1985-03-01,553-98-1604,Sales Manager,2021-10-02,102833.44,KyDylUGq
51511,Jesse,Mendez,jessica87@example.net,001-476-534-1761,"4449 Timothy Pine, Paulberg, ND 17943",1984-06-29,121-48-1800,HR Specialist,2021-09-25,48828.3,ddJi49df
70556,Tracy,Riley,jesus28@example.net,001-730-372-6139x7903,"4446 Young Cliff Apt. 972, Marshallport, IL 53179",1992-07-24,241-44-8141,Product Manager,2024-02-12,73975.13,d9qitvli
49466,Pamela,Perry,carrie67@example.net,+1-478-338-5277x74476,"1019 Gonzalez Port, Donnamouth, WI 67309",1999-08-27,237-14-3545,HR Specialist,2023-07-15,72287.26,4UEjLADm
74652,Henry,Thompson,torresjoseph@example.com,001-616-609-9078x0136,"36010 Larson Forest Apt. 190, New Randystad, NE 55079",1978-10-19,721-56-6210,HR Specialist,2021-04-20,106764.97,G5inIXuQ
9556,Brittany,Martinez,gholland@example.org,551-865-8441,"3933 White Stream, Toddside, VI 24484",1970-07-27,277-53-2703,HR Specialist,2020-09-15,76463.09,xlPBKZho
84194,Richard,Mcguire,michael68@example.com,(821)812-5273,"895 Maria Mission Suite 045, Romeroside, KY 48199",1999-07-25,285-76-1004,Software Engineer,2022-08-30,87602.75,gVkZJh9T
49215,Larry,Kim,jose95@example.org,+1-952-551-2474x76270,"PSC 6431, Box 3707, APO AP 42053",1996-07-18,495-49-7233,HR Specialist,2021-10-18,61540.9,3TLPS3TS
57021,Patrick,Shaw,williamwebb@example.com,812-618-1153,"3723 Dunlap Wall, Gibsonville, CT 29999",1977-09-10,490-92-1347,Sales Manager,2023-10-14,66789.49,8xoy58SN
63525,Adriana,Chung,austinlindsay@example.org,001-395-489-7198x01090,"USS Whitehead, FPO AE 06666",1972-03-05,245-58-9460,Sales Manager,2023-02-20,45568.58,iAhNb8Fx
96536,Kara,Carter,nvalencia@example.org,953.880.0863x230,"PSC 1012, Box 4196, APO AA 99324",1985-09-19,287-35-8288,HR Specialist,2021-07-03,69429.35,uhrvEnBh
37489,Natalie,Petty,aprildavis@example.net,927-649-9475x6886,"40561 Mcdonald Forest Suite 639, South Gina, PA 90437",1992-01-21,545-38-8502,Data Analyst,2021-10-18,52792.37,BOMfgvqU
61485,Kenneth,Murray,mcguirebruce@example.com,+1-846-353-6390x473,"1312 Kim Tunnel Suite 431, East William, AR 45804",1970-05-28,324-01-2801,Sales Manager,2020-06-06,108587.54,oZyq5SLq
98865,Mark,Byrd,mrichardson@example.org,(522)658-9599x508,"Unit 2321 Box 5222, DPO AE 39828",1997-02-04,205-94-8478,Product Manager,2020-03-17,51389.22,yWygcoKl
33237,Ricardo,Collins,popelori@example.net,353-232-7867x45184,"89846 Ryan Viaduct, New Paul, CT 79484",1988-03-25,869-48-0944,Sales Manager,2024-05-12,68406.25,Zf5oukTY
46188,Jack,Hoffman,durhamjacqueline@example.net,(970)541-8253x12067,"60266 Beth Valley Suite 597, Samuelville, UT 06845",1971-01-09,131-15-3423,Product Manager,2021-07-01,113142.34,3YdV8FRd
85444,Rita,Woods,christopherpark@example.com,001-626-591-7070,"8817 Torres Trail Suite 881, West Lindastad, AL 29273",1994-10-12,609-12-7143,Software Engineer,2022-07-18,53142.41,8GkFL3Ci
12017,Jill,Wright,hcollins@example.net,+1-710-341-5454,"70986 Gina Plaza, Port Robertmouth, PW 50443",1964-07-05,210-73-8441,Sales Manager,2024-08-24,75060.84,1Fkv25EI
82514,Erica,Case,vgarcia@example.org,001-684-636-0759,"5146 Martinez Meadow, Natalieshire, VT 71359",1988-05-27,600-42-3120,HR Specialist,2022-09-25,49795.06,CyU0N5ID
26197,Andrea,Atkinson,morganamanda@example.com,850.627.2037,"980 Lauren Bridge Suite 557, Jenningschester, ID 52548",1969-08-05,570-16-8913,Product Manager,2022-07-01,55383.1,sEofvIiq
42793,Jessica,Daniel,rebeccacurry@example.com,(983)932-5522,"71370 Perkins Mountains Suite 696, Bryanton, AR 83260",1975-10-07,184-19-7655,Software Engineer,2021-04-19,113599.6,CKaUNjP2
61602,Richard,Robinson,pmorris@example.org,(705)671-7677x741,"099 Tanner Dam Apt. 949, Sharonland, PW 46473",1986-07-04,462-44-1978,Software Engineer,2024-12-08,83135.85,zl4lYknF
40807,Timothy,Miller,christopher79@example.net,+1-523-851-2194x351,"USNS Romero, FPO AP 30839",1979-10-09,782-59-5258,HR Specialist,2023-10-11,53257.06,vzjGMc4g
31692,Ronald,Strong,yangpaula@example.org,001-545-766-1086x846,"55750 Nelson Bypass, East Kaylabury, UT 90409",1976-05-24,821-71-4549,HR Specialist,2021-04-15,112881.98,wy3QXkDQ
34945,Jonathan,Ayers,antonio20@example.org,(356)259-5072x42320,"142 Gillespie Corners, Adamsview, PA 91123",2000-09-28,449-96-1618,Data Analyst,2022-10-08,112415.58,JsL5XCpO
60326,Mark,Turner,patricksmith@example.net,+1-480-805-1427x910,"922 Laura Underpass Suite 577, Lake Michaelville, IA 87259",1987-04-14,488-70-3207,Sales Manager,2020-08-10,81185.32,qtz8ektj
43628,Regina,Perry,morgangallegos@example.net,290.522.8015x10054,"856 Wilson Rest, South Lisa, DE 88867",1978-02-09,233-30-1157,Sales Manager,2020-03-08,107900.07,u0BSwW0p
85949,Jay,Velazquez,ecole@example.org,523-936-3685x4583,"2554 Angela Manors Apt. 506, North Sandraborough, FL 85432",1966-03-03,724-73-7994,Software Engineer,2024-10-31,113415.37,qEHW663I
11399,David,Church,xkeller@example.com,6346392178,"4821 Rebecca Village, Port Catherine, TX 70465",1990-06-01,410-15-2808,HR Specialist,2021-08-29,48847.39,eKzIvb34
78838,James,Jones,poperobert@example.com,873.390.9448x92067,"409 Abigail Forks, Lake Jesse, GA 87323",1978-12-11,520-62-3020,Product Manager,2021-11-15,54195.5,cnhXzLPT
77663,Nicole,Alvarez,richardsingh@example.net,745.817.6472x1004,"396 Christina Parkways Suite 919, North James, MH 29536",1964-08-31,865-88-2513,Data Analyst,2021-11-04,70954.13,3LEiHfNP
79604,Tammy,Sampson,bestclinton@example.net,(787)706-6253x9543,"26117 James Loaf Suite 486, Lake Ernest, OK 33340",1988-05-03,080-21-7304,Software Engineer,2023-02-10,77901.16,aMp6J1eP
28343,Victoria,Brooks,romerosarah@example.com,286-505-3765,"9092 Wright Shoal, Lake Matthewton, VA 45860",1990-05-30,568-05-6037,HR Specialist,2024-07-02,56590.4,EfvTYMIB
10508,Angela,Powell,sophiavega@example.com,286-299-4106x67693,"510 Herrera Mills, Wilsonfort, MN 83073",1975-06-16,550-84-4765,Sales Manager,2024-06-27,93007.87,TWHgz4Df
65615,Mike,Park,zkim@example.com,(922)801-6574,"9784 Collins Ford Suite 717, Lake Richard, CT 42740",1999-06-20,330-97-0868,Sales Manager,2020-06-16,109497.44,ulrOTGkk
10818,Michael,Ryan,jstephenson@example.org,+1-666-238-1821x86969,"5304 Dan Road, Scottstad, TN 46231",1970-10-30,245-18-5801,Data Analyst,2021-07-11,52289.57,osMkqK9E
19751,Lisa,Sellers,ithomas@example.org,+1-241-290-8154x91413,"7412 Hutchinson Stream, East Terri, WA 58481",1998-11-24,111-70-5192,Sales Manager,2021-07-23,51154.93,xXX5VaXe
51834,Michael,Morris,davidadams@example.com,400-822-7320,"Unit 5034 Box 4791, DPO AP 40676",2002-01-23,414-74-9993,Sales Manager,2021-08-21,72093.56,8N2lEw1r
37732,Kimberly,Ortiz,jacqueline81@example.org,(779)478-3125,"310 Jessica Landing, East Davidmouth, VT 65740",1964-06-13,542-21-3823,Data Analyst,2021-10-09,95623.97,mrDGQ9qx
19932,Kevin,Cruz,crystalkeller@example.com,862-294-1001x162,"052 Paul Street Suite 133, Turnerside, OR 34040",1981-12-29,464-90-6717,Software Engineer,2022-03-11,68290.97,L8MKB6pB
17460,Jesus,Schneider,thomasburke@example.net,001-648-414-8526x666,"78003 Benjamin Park, Crawfordbury, VI 20631",1993-05-01,002-67-1353,Sales Manager,2022-04-28,107657.06,9Ig3ONda
94644,Clarence,Horn,jdavis@example.org,617-555-1063x737,"1019 Robert Underpass Apt. 568, Lake Nina, VI 79042",2001-05-07,778-23-3998,HR Specialist,2021-10-05,110374.67,Wp6GlSRk
59773,Steve,Roberts,joseph46@example.org,+1-591-662-9866x945,"2277 Adrian Lock Apt. 364, Adamsside, MA 25142",1969-08-26,501-92-1953,Product Manager,2023-04-20,60663.28,0zkNDFTw
68643,Brandon,Le,joshuahartman@example.org,+1-235-607-2357x08633,"027 Hoffman Stream, Colemanfort, FM 77838",1965-08-14,741-46-8803,Software Engineer,2020-10-22,115587.38,Qxns5D4J
93832,Sherry,Kelley,cummingsjonathan@example.net,232.930.7158,"9580 Mccarty Station Apt. 801, Port Kevin, ME 23668",1966-10-30,074-61-9419,HR Specialist,2024-08-15,97161.36,Rc6JcqKD
55807,Patrick,Smith,anthonycolon@example.org,9925635723,"10129 Elaine Mountains Apt. 701, Loganchester, CT 07158",1988-05-23,013-52-9892,Sales Manager,2022-03-13,61727.41,lGXu0OvC
61559,Ellen,Suarez,heather43@example.com,724-538-9244x6931,"728 Eric Union, Daltonhaven, AZ 57950",1990-04-23,880-45-3893,Software Engineer,2024-07-26,115332.97,wDHVr6mS
5100,Stacey,Thomas,dan55@example.com,(896)565-1022,"4721 William Shores Apt. 871, Englishstad, WY 59437",1978-08-30,250-06-7817,Software Engineer,2022-04-29,46098.54,KttkLmAA
30422,Tammy,Taylor,mespinoza@example.com,(937)566-6285,"69564 Margaret Mill, Valerieport, NY 47161",1989-01-16,032-83-9375,Software Engineer,2024-02-22,58689.27,KCHwPm3Z
35970,Joan,Hooper,twheeler@example.com,258.459.5834x1422,"00542 Claire Via Suite 034, Port Lucas, PW 72075",2001-12-04,108-52-4655,Software Engineer,2023-11-13,111601.98,M9McDSdA
96359,Sarah,Perez,goodmanmarc@example.com,374-293-5073,"4325 Hopkins Roads, Daleshire, UT 32504",1996-02-26,630-76-1569,HR Specialist,2021-02-21,53120.29,I1oJP9YC
80291,Matthew,Meyer,cruzchristy@example.net,3122908509,"4003 Ruben Wall, New David, PA 31279",1971-01-17,822-17-7055,Data Analyst,2022-07-05,67496.6,H8l84ynY
45514,Tiffany,Jackson,buchananjessica@example.com,941-358-9345x01106,"9595 Robert Unions, Joanborough, NH 69089",1966-08-05,001-84-2294,HR Specialist,2021-10-07,68611.41,0N47STmp
43890,Hannah,Cobb,teresa29@example.org,485-383-8660x02999,"56041 Dean Trail, South Kristen, FL 44777",1965-07-06,731-92-8994,Data Analyst,2024-10-06,78987.73,RM8TY6IQ
82510,Danielle,Gonzalez,praymond@example.net,5514133418,"6269 Wendy Ports, South Jeffmouth, IL 97631",1983-10-12,121-01-9284,HR Specialist,2024-07-06,75072.65,NTEsELHq
60650,Tina,Cook,kevincooper@example.com,+1-994-517-1624x23333,"USS Adams, FPO AP 37201",1984-12-22,716-64-2450,Data Analyst,2023-11-13,81416.87,U0LSGwy7
82611,Alexis,Taylor,henryrichard@example.com,572-336-3042x74397,"633 Christopher Lane Suite 417, North Bettybury, WV 60084",1971-01-19,179-88-9274,HR Specialist,2024-06-15,58112.79,IhnGQagG
88027,William,Wright,charlesbarker@example.org,413-626-3248,"61932 Rebecca Well, Gonzalezburgh, TN 30246",2001-12-14,360-95-9450,Software Engineer,2024-06-03,53515.58,d2sMxfrs
80637,Charlene,Rose,roger87@example.net,001-523-289-4047x985,"229 Mckenzie Coves Apt. 197, Curryland, MI 15777",1971-08-04,697-75-3872,Sales Manager,2024-04-12,69389.36,7v7jFHXs
1688,Hunter,Smith,terri65@example.com,+1-204-478-4940x234,"12877 David Gardens Suite 834, Isabelfurt, IA 99096",1967-06-05,299-70-5490,HR Specialist,2021-08-15,104190.72,zN7BXIH0
54402,Michele,Tran,dianejohnson@example.org,001-583-547-5268,"13525 Peter Parks, Duncanland, GU 06582",1985-04-09,082-89-7958,Data Analyst,2023-06-06,117794.43,tcL5MhrY
48628,Michael,Mullen,carmen33@example.org,374-844-5100,"9984 Carol Hill, Lake Jenna, VT 07979",1973-12-14,730-61-5290,Software Engineer,2020-02-06,103192.21,AijPzs61
90119,Donna,Nelson,llucas@example.org,303-952-2639,"866 York Village, Davidmouth, CO 69398",1992-02-17,300-83-0264,Data Analyst,2020-07-01,53146.8,j0wRqtnU
1569,John,Johnson,alexandriabruce@example.com,456-238-6537x5037,"4688 Danielle Point Suite 458, Sandovalfurt, KY 74345",1976-01-31,827-30-8667,Sales Manager,2023-09-21,98843.95,5vSYnLRf
87990,Brittney,Fuentes,mccarthymathew@example.com,001-784-519-5157x498,"449 Davis Pass Suite 623, New Ruben, NV 99212",1975-04-11,861-80-1373,HR Specialist,2023-02-19,118588.02,B13s4X2C
69186,Timothy,Mills,andrew32@example.com,650.914.7408x57497,"229 Espinoza Mountain Suite 582, North Williamton, RI 41368",1991-08-28,324-24-1049,Software Engineer,2024-02-14,118098.55,QImpKSVt
53509,Alyssa,Austin,anthony06@example.net,(892)314-9169,"247 Richards Mount, Smithburgh, AR 57449",1986-12-01,328-49-4929,Software Engineer,2024-12-22,91446.51,Vl6KojRd
48147,Jeremy,Moran,joelmelton@example.org,001-738-251-1555x9877,"7689 Austin Coves, Wrightburgh, GU 40700",1967-09-01,521-40-2651,Product Manager,2022-02-09,87531.06,LknGs712
42956,Renee,Porter,danielbentley@example.net,001-372-974-0320x647,"PSC 4579, Box 7280, APO AA 21964",2001-11-16,401-23-1869,Software Engineer,2022-02-18,60616.82,UuZw0dBP
50859,Christopher,Le,jeffreygonzales@example.org,496.566.6027,"PSC 1771, Box 0256, APO AA 87989",1997-07-14,179-93-8757,Data Analyst,2023-06-17,108984.52,OqzZBn4C
37931,Allen,Cummings,nferguson@example.org,(933)604-6994x46593,"23065 Daniel Hill, Port Lauriehaven, MP 05766",1964-05-27,252-95-9037,HR Specialist,2021-03-07,117783.6,kZWZbaPA
54504,Melanie,Thornton,rhonda52@example.net,5096079773,"784 Frank Harbor Suite 330, Michaelabury, AL 86619",2000-04-04,525-15-1992,Product Manager,2022-02-26,71358.15,DEvDOYcB
13896,Amanda,Wilson,annevasquez@example.org,726-666-8379x927,"28235 Bruce Lake, New Charles, KY 19510",1983-11-17,797-01-0076,HR Specialist,2023-03-16,113442.93,noiGbZyV
77714,Kenneth,Bradley,dandersen@example.com,(895)853-4624x966,"70443 Anderson Canyon, Bradleyview, VI 64884",1987-07-08,187-51-2825,HR Specialist,2023-02-20,68189.37,v9FaSexf
1236,Kelly,Johnson,zbarron@example.com,578.825.6094,"Unit 4947 Box 7698, DPO AA 62703",1976-07-05,714-41-6263,Product Manager,2020-07-24,109317.82,pltCRhlb
